filename,mjd,rv_sci_mean_kms,rv_cal_mean_kms
EtalonEtalon_R01_20260503050002_deg0_sp.fits,61163.209559809,0.030640672123711427,0.031609219694315065
EtalonEtalon_R01_20260503080001_deg0_sp.fits,61163.334541564,0.027439545513704325,0.02773897268145208
EtalonEtalon_R01_20260503110001_deg0_sp.fits,61163.459540472,0.023169236166843923,0.02414200778035757
EtalonEtalon_R01_20260504050001_deg0_sp.fits,61164.209551624,0.017671323646422037,0.018215515644240378
EtalonEtalon_R01_20260504080002_deg0_sp.fits,61164.334550506,0.017613868920340156,0.018523811562265357
EtalonEtalon_R01_20260504110001_deg0_sp.fits,61164.459549394,0.01359879907881293,0.014483113833775943
EtalonEtalon_R01_20260505050001_deg0_sp.fits,61165.209543470,0.013109537652906669,0.013722773018195366
EtalonEtalon_R01_20260505080002_deg0_sp.fits,61165.334559496,0.006014219311184949,0.006390895253616467
EtalonEtalon_R01_20260505110001_deg0_sp.fits,61165.459541362,0.004390642610161421,0.005616700903085128
EtalonEtalon_R01_20260507050001_deg0_sp.fits,61167.209542837,0.03136184210335641,0.03301418356602161
EtalonEtalon_R01_20260507080001_deg0_sp.fits,61167.334541767,0.028616290950955827,0.03040953604426782
EtalonEtalon_R01_20260507110001_deg0_sp.fits,61167.459540678,0.030598774218953018,0.03251178217426029
EtalonEtalon_R01_20260508050001_deg0_sp.fits,61168.209551899,0.0383918815539528,0.04035300750601133
EtalonEtalon_R01_20260508080001_deg0_sp.fits,61168.334550831,0.03884042452996921,0.04015689672776493
EtalonEtalon_R01_20260508110001_deg0_sp.fits,61168.459532662,0.03688374637182027,0.039411153335481994
EtalonEtalon_R01_20260509050001_deg0_sp.fits,61169.209543104,0.04037095902998414,0.041676096775105385
EtalonEtalon_R01_20260509080001_deg0_sp.fits,61169.334542025,0.03830193341173463,0.040327546972814474
EtalonEtalon_R01_20260509110001_deg0_sp.fits,61169.459540958,0.03608660193248092,0.03780822818037911
EtalonEtalon_R01_20260510050001_deg0_sp.fits,61170.209552348,0.046907719315131956,0.04755076093622623
EtalonEtalon_R01_20260510080001_deg0_sp.fits,61170.334551593,0.04511380993956791,0.04474311104772471
EtalonEtalon_R01_20260510110001_deg0_sp.fits,61170.459550810,0.04321424483239302,0.043496413104893814
EtalonEtalon_R01_20260511050001_deg0_sp.fits,61171.209545298,0.05761777125019851,0.05767839108307334
EtalonEtalon_R01_20260511080002_deg0_sp.fits,61171.334561563,0.05836430737303856,0.058218097494762214
EtalonEtalon_R01_20260511110001_deg0_sp.fits,61171.459543629,0.056787924077205246,0.05651274707003016
EtalonEtalon_R01_20260512050001_deg0_sp.fits,61172.209538205,0.06048119451948698,0.06054996241447848
EtalonEtalon_R01_20260512080001_deg0_sp.fits,61172.334537586,0.06020773879960782,0.05996098821489755
EtalonEtalon_R01_20260512110001_deg0_sp.fits,61172.459536899,0.05814053967071951,0.057974266367829375
EtalonEtalon_R02_20260503050002_deg0_sp.fits,61163.211780645,0.029756010923737277,0.029895018755960585
EtalonEtalon_R02_20260503080001_deg0_sp.fits,61163.336762402,0.02667514481883685,0.028202206527715646
EtalonEtalon_R02_20260503110001_deg0_sp.fits,61163.461761314,0.024463789401984595,0.023768522400728194
EtalonEtalon_R02_20260504050001_deg0_sp.fits,61164.211772462,0.017342054325063524,0.017811435815114178
EtalonEtalon_R02_20260504080002_deg0_sp.fits,61164.336771345,0.01767037667985211,0.018696260252083888
EtalonEtalon_R02_20260504110001_deg0_sp.fits,61164.461770233,0.013907645649474927,0.013707215520476334
EtalonEtalon_R02_20260505050001_deg0_sp.fits,61165.211764310,0.011717615958358962,0.01322809368841851
EtalonEtalon_R02_20260505080002_deg0_sp.fits,61165.336780337,0.005885365628174585,0.006626902145768264
EtalonEtalon_R02_20260505110001_deg0_sp.fits,61165.461762201,0.004345620396625544,0.005507142357114592
EtalonEtalon_R02_20260507050001_deg0_sp.fits,61167.211763677,0.030734193017375018,0.03208891599272155
EtalonEtalon_R02_20260507080001_deg0_sp.fits,61167.336762607,0.028405405204933912,0.030168950203208013
EtalonEtalon_R02_20260507110001_deg0_sp.fits,61167.461761518,0.030584012969087686,0.03276440600117728
EtalonEtalon_R02_20260508050001_deg0_sp.fits,61168.211772740,0.03850248312453108,0.04029531915562812
EtalonEtalon_R02_20260508080001_deg0_sp.fits,61168.336771669,0.03767491030567745,0.04037705040119942
EtalonEtalon_R02_20260508110001_deg0_sp.fits,61168.461753501,0.037345456916047265,0.038285481403947205
EtalonEtalon_R02_20260509050001_deg0_sp.fits,61169.211763943,0.04182938842103092,0.042114647209204326
EtalonEtalon_R02_20260509080001_deg0_sp.fits,61169.336762867,0.038958040580601566,0.040508145337744786
EtalonEtalon_R02_20260509110001_deg0_sp.fits,61169.461761798,0.036333509145451554,0.036726888152025065
EtalonEtalon_R02_20260510050001_deg0_sp.fits,61170.211773190,0.04735718363265921,0.046493770781188944
EtalonEtalon_R02_20260510080001_deg0_sp.fits,61170.336772436,0.044213194771211946,0.04454021216369107
EtalonEtalon_R02_20260510110001_deg0_sp.fits,61170.461771650,0.043141468114974046,0.04326583525281323
EtalonEtalon_R02_20260511050001_deg0_sp.fits,61171.211766136,0.05695848222420674,0.057678080036904986
EtalonEtalon_R02_20260511080002_deg0_sp.fits,61171.336782405,0.057458390044730495,0.05876057474805505
EtalonEtalon_R02_20260511110001_deg0_sp.fits,61171.461764469,0.055869088077487666,0.05638131670684925
EtalonEtalon_R02_20260512050001_deg0_sp.fits,61172.211759048,0.060897723713298046,0.06055451451210055
EtalonEtalon_R02_20260512080001_deg0_sp.fits,61172.336758430,0.06053309962160817,0.06012316141333089
EtalonEtalon_R02_20260512110001_deg0_sp.fits,61172.461757742,0.05789025149476021,0.057907548565800625
EtalonEtalon_R03_20260503050002_deg0_sp.fits,61163.214001482,0.030354199193901588,0.031974422989020465
EtalonEtalon_R03_20260503080001_deg0_sp.fits,61163.338983241,0.02846184732568789,0.029324093293742005
EtalonEtalon_R03_20260503110001_deg0_sp.fits,61163.463982154,0.024349895092594886,0.02450379048166662
EtalonEtalon_R03_20260504050001_deg0_sp.fits,61164.213993299,0.017842267572189183,0.018293500306363456
EtalonEtalon_R03_20260504080002_deg0_sp.fits,61164.338992184,0.015964028882021624,0.01664683967694864
EtalonEtalon_R03_20260504110001_deg0_sp.fits,61164.463991072,0.013524462446996094,0.013940790121036767
EtalonEtalon_R03_20260505050001_deg0_sp.fits,61165.213985149,0.011792806348409679,0.012851318929735484
EtalonEtalon_R03_20260505080002_deg0_sp.fits,61165.339001178,0.006312059281735197,0.00821255544757982
EtalonEtalon_R03_20260505110001_deg0_sp.fits,61165.463983041,0.0033868013304527416,0.0045958907698067245
EtalonEtalon_R03_20260507050001_deg0_sp.fits,61167.213984517,0.0312402583623644,0.03250390775601613
EtalonEtalon_R03_20260507080001_deg0_sp.fits,61167.338983446,0.028475676493000663,0.030631200762358757
EtalonEtalon_R03_20260507110001_deg0_sp.fits,61167.463982357,0.029738384017915048,0.031679107719738815
EtalonEtalon_R03_20260508050001_deg0_sp.fits,61168.213993580,0.038054577424341804,0.040733672713847556
EtalonEtalon_R03_20260508080001_deg0_sp.fits,61168.338992508,0.03931046256550633,0.04029259721084917
EtalonEtalon_R03_20260508110001_deg0_sp.fits,61168.463974341,0.03577119945256757,0.0377748975491443
EtalonEtalon_R03_20260509050001_deg0_sp.fits,61169.213984783,0.041364187859116316,0.042867898269059165
EtalonEtalon_R03_20260509080001_deg0_sp.fits,61169.338983709,0.03863351105683063,0.03937358526668937
EtalonEtalon_R03_20260509110001_deg0_sp.fits,61169.463982636,0.035341506944544,0.037148827468773335
EtalonEtalon_R03_20260510050001_deg0_sp.fits,61170.213994031,0.045614412545574606,0.046909724131939876
EtalonEtalon_R03_20260510080001_deg0_sp.fits,61170.338993278,0.04448997700750011,0.04424635881040815
EtalonEtalon_R03_20260510110001_deg0_sp.fits,61170.463992491,0.043194259379281605,0.042838250837853045
EtalonEtalon_R03_20260511050001_deg0_sp.fits,61171.213986974,0.057696323999025495,0.05812565101828495
EtalonEtalon_R03_20260511080002_deg0_sp.fits,61171.339003245,0.05739754397589171,0.0565580259362161
EtalonEtalon_R03_20260511110001_deg0_sp.fits,61171.463985309,0.056136700062823945,0.05620641739891957
EtalonEtalon_R03_20260512050001_deg0_sp.fits,61172.213979891,0.06220709133761816,0.061198219430615416
EtalonEtalon_R03_20260512080001_deg0_sp.fits,61172.338979270,0.0595935758660831,0.059605717080893336
EtalonEtalon_R03_20260512110001_deg0_sp.fits,61172.463978584,0.057345819579598896,0.05769052987924025
EtalonEtalon_R04_20260503050002_deg0_sp.fits,61163.216222319,0.031556159160377455,0.03223831198786314
EtalonEtalon_R04_20260503080001_deg0_sp.fits,61163.341204079,0.028940438088203853,0.02931340589709856
EtalonEtalon_R04_20260503110001_deg0_sp.fits,61163.466202992,0.0230874455070789,0.024213964872654727
EtalonEtalon_R04_20260504050001_deg0_sp.fits,61164.216214137,0.016733812322919667,0.01713799737515441
EtalonEtalon_R04_20260504080002_deg0_sp.fits,61164.341213023,0.01653298391488615,0.017601383442982965
EtalonEtalon_R04_20260504110001_deg0_sp.fits,61164.466211910,0.012660382775974394,0.014503387123490011
EtalonEtalon_R04_20260505050001_deg0_sp.fits,61165.216205989,0.01199236976337947,0.013701388100462997
EtalonEtalon_R04_20260505080002_deg0_sp.fits,61165.341222017,0.006348025209220077,0.007152559785117932
EtalonEtalon_R04_20260505110001_deg0_sp.fits,61165.466203880,0.003783903037437473,0.0049696678617563265
EtalonEtalon_R04_20260507050001_deg0_sp.fits,61167.216205357,0.032254070293299526,0.033239611264491514
EtalonEtalon_R04_20260507080001_deg0_sp.fits,61167.341204286,0.028816579211497287,0.03164920863064617
EtalonEtalon_R04_20260507110001_deg0_sp.fits,61167.466203196,0.028568612924021384,0.030328810703972982
EtalonEtalon_R04_20260508050001_deg0_sp.fits,61168.216214419,0.03924809233831911,0.04050676342818534
EtalonEtalon_R04_20260508080001_deg0_sp.fits,61168.341213348,0.03940379231197992,0.04098448519668694
EtalonEtalon_R04_20260508110001_deg0_sp.fits,61168.466195181,0.03580265857522,0.038727985904019845
EtalonEtalon_R04_20260509050001_deg0_sp.fits,61169.216205622,0.04065264339412186,0.043126751381578024
EtalonEtalon_R04_20260509080001_deg0_sp.fits,61169.341204551,0.03791905393419595,0.03826400146236259
EtalonEtalon_R04_20260509110001_deg0_sp.fits,61169.466203474,0.03509912565957595,0.03656323349029564
EtalonEtalon_R04_20260510050001_deg0_sp.fits,61170.216214871,0.04636657258467412,0.04677279332102177
EtalonEtalon_R04_20260510080001_deg0_sp.fits,61170.341214120,0.04411816715612089,0.04409073125515184
EtalonEtalon_R04_20260510110001_deg0_sp.fits,61170.466213331,0.04167587642192686,0.042311336323909945
EtalonEtalon_R04_20260511050001_deg0_sp.fits,61171.216207812,0.0574871517450348,0.05915233372937543
EtalonEtalon_R04_20260511080002_deg0_sp.fits,61171.341224086,0.0573794850729725,0.05680019965390556
EtalonEtalon_R04_20260511110001_deg0_sp.fits,61171.466206148,0.05627004386017198,0.05685964249882056
EtalonEtalon_R04_20260512050001_deg0_sp.fits,61172.216200734,0.06225127604008007,0.061947931234638744
EtalonEtalon_R04_20260512080001_deg0_sp.fits,61172.341200112,0.06028604763731265,0.058975318927632095
EtalonEtalon_R04_20260512110001_deg0_sp.fits,61172.466199425,0.05753690187741641,0.05705812097304587
EtalonEtalon_R05_20260503050002_deg0_sp.fits,61163.218443156,0.03099147243280343,0.03248367623907632
EtalonEtalon_R05_20260503080001_deg0_sp.fits,61163.343424917,0.028239647190768317,0.029561956404900287
EtalonEtalon_R05_20260503110001_deg0_sp.fits,61163.468423830,0.022990949048671792,0.023133306474355884
EtalonEtalon_R05_20260504050001_deg0_sp.fits,61164.218434975,0.015797664409232495,0.016892575949302817
EtalonEtalon_R05_20260504080002_deg0_sp.fits,61164.343433861,0.017207962776572917,0.01878605950824806
EtalonEtalon_R05_20260504110001_deg0_sp.fits,61164.468432748,0.014314280705331408,0.014440505086663332
EtalonEtalon_R05_20260505050001_deg0_sp.fits,61165.218426828,0.012371068520245762,0.013000382332047356
EtalonEtalon_R05_20260505080002_deg0_sp.fits,61165.343442857,0.006579277141440755,0.008140264130091387
EtalonEtalon_R05_20260505110001_deg0_sp.fits,61165.468424718,0.0035240550822638276,0.005415813179407177
EtalonEtalon_R05_20260507050001_deg0_sp.fits,61167.218426196,0.03253075245488355,0.03325071438939532
EtalonEtalon_R05_20260507080001_deg0_sp.fits,61167.343425125,0.02998955340696526,0.030211655491192996
EtalonEtalon_R05_20260507110001_deg0_sp.fits,61167.468424034,0.029358336935529923,0.03206886566314647
EtalonEtalon_R05_20260508050001_deg0_sp.fits,61168.218435258,0.039486019265522004,0.041280728239923584
EtalonEtalon_R05_20260508080001_deg0_sp.fits,61168.343434188,0.03936998361068352,0.0402027268019567
EtalonEtalon_R05_20260508110001_deg0_sp.fits,61168.468416020,0.03688183591999345,0.037994529350292156
EtalonEtalon_R05_20260509050001_deg0_sp.fits,61169.218426462,0.04133796583583708,0.04262943509196065
EtalonEtalon_R05_20260509080001_deg0_sp.fits,61169.343425393,0.03797928851293205,0.038992768482275786
EtalonEtalon_R05_20260509110001_deg0_sp.fits,61169.468424311,0.035151334455868335,0.03746562723542945
EtalonEtalon_R05_20260510050001_deg0_sp.fits,61170.218435711,0.04631811685600062,0.04770865056145449
EtalonEtalon_R05_20260510080001_deg0_sp.fits,61170.343434962,0.04448065658930805,0.04444064023831276
EtalonEtalon_R05_20260510110001_deg0_sp.fits,61170.468434171,0.04175285659523975,0.041410277873956916
EtalonEtalon_R05_20260511050001_deg0_sp.fits,61171.218428650,0.057623159664009806,0.05707887774059127
EtalonEtalon_R05_20260511080002_deg0_sp.fits,61171.343444925,0.0579460436952938,0.05819176037279431
EtalonEtalon_R05_20260511110001_deg0_sp.fits,61171.468426989,0.05665210078431112,0.056398033196404206
EtalonEtalon_R05_20260512050001_deg0_sp.fits,61172.218421579,0.06314297862493964,0.06203805797421087
EtalonEtalon_R05_20260512080001_deg0_sp.fits,61172.343420954,0.059239699205192356,0.058457805202948285
EtalonEtalon_R05_20260512110001_deg0_sp.fits,61172.468420266,0.057497890472924196,0.05688379292200414
EtalonEtalon_R06_20260503050002_deg0_sp.fits,61163.220663993,0.02987784535692173,0.03218374404854825
EtalonEtalon_R06_20260503080001_deg0_sp.fits,61163.345645755,0.027941495986910633,0.029147649515302472
EtalonEtalon_R06_20260503110001_deg0_sp.fits,61163.470644668,0.023176383405977503,0.022592660690665994
EtalonEtalon_R06_20260504050001_deg0_sp.fits,61164.220655812,0.01767368909424099,0.017627383278112276
EtalonEtalon_R06_20260504080002_deg0_sp.fits,61164.345654699,0.018577783519554154,0.018793414024828647
EtalonEtalon_R06_20260504110001_deg0_sp.fits,61164.470653587,0.013948710527317963,0.013941858581517436
EtalonEtalon_R06_20260505050001_deg0_sp.fits,61165.220647667,0.01182622845263199,0.012861827718158025
EtalonEtalon_R06_20260505080002_deg0_sp.fits,61165.345663696,0.006698998985896156,0.009311221214415778
EtalonEtalon_R06_20260505110001_deg0_sp.fits,61165.470645556,0.0031320879656827724,0.004598534814051987
EtalonEtalon_R06_20260507050001_deg0_sp.fits,61167.220647037,0.03298442718086147,0.033602643393740264
EtalonEtalon_R06_20260507080001_deg0_sp.fits,61167.345645965,0.029674527414350442,0.03162125718538794
EtalonEtalon_R06_20260507110001_deg0_sp.fits,61167.470644874,0.030268207067908323,0.03236363137059655
EtalonEtalon_R06_20260508050001_deg0_sp.fits,61168.220656098,0.03942621377842426,0.04118595059769058
EtalonEtalon_R06_20260508080001_deg0_sp.fits,61168.345655027,0.03866457990643404,0.040360018534506964
EtalonEtalon_R06_20260508110001_deg0_sp.fits,61168.470636861,0.038048683018164775,0.038700094317380904
EtalonEtalon_R06_20260509050001_deg0_sp.fits,61169.220647301,0.04034245218803337,0.04160319293031765
EtalonEtalon_R06_20260509080001_deg0_sp.fits,61169.345646234,0.03787570304690588,0.039571711693153974
EtalonEtalon_R06_20260509110001_deg0_sp.fits,61169.470645149,0.0361121286841217,0.03750771020315126
EtalonEtalon_R06_20260510050001_deg0_sp.fits,61170.220656550,0.04656471883342897,0.04739552734665567
EtalonEtalon_R06_20260510080001_deg0_sp.fits,61170.345655804,0.04372262327876812,0.045109195287121914
EtalonEtalon_R06_20260510110001_deg0_sp.fits,61170.470655012,0.041365221719300384,0.042365247508871245
EtalonEtalon_R06_20260511050001_deg0_sp.fits,61171.220649488,0.05685085551053115,0.057450276129853914
EtalonEtalon_R06_20260511080002_deg0_sp.fits,61171.345665764,0.05786178843023691,0.05718888767274581
EtalonEtalon_R06_20260511110001_deg0_sp.fits,61171.470647830,0.056815379633635664,0.05628748811620558
EtalonEtalon_R06_20260512050001_deg0_sp.fits,61172.220642423,0.062406507842773254,0.06251346722492257
EtalonEtalon_R06_20260512080001_deg0_sp.fits,61172.345641795,0.059309886036295535,0.0595979962683685
EtalonEtalon_R06_20260512110001_deg0_sp.fits,61172.470641108,0.0577827567934409,0.05764415006324038
EtalonEtalon_R07_20260503050002_deg0_sp.fits,61163.222884831,0.03063678165893169,0.0317500005553699
EtalonEtalon_R07_20260503080001_deg0_sp.fits,61163.347866593,0.028562795541574197,0.02912848384815312
EtalonEtalon_R07_20260503110001_deg0_sp.fits,61163.472865506,0.024345537868239914,0.02497802566450038
EtalonEtalon_R07_20260504050001_deg0_sp.fits,61164.222876650,0.016068620242988878,0.01724661120846736
EtalonEtalon_R07_20260504080002_deg0_sp.fits,61164.347875537,0.016769993745209953,0.018044995575894975
EtalonEtalon_R07_20260504110001_deg0_sp.fits,61164.472874425,0.012805572312039736,0.01411051462438762
EtalonEtalon_R07_20260505050001_deg0_sp.fits,61165.222868506,0.011006342389146892,0.012458073461962569
EtalonEtalon_R07_20260505080002_deg0_sp.fits,61165.347884537,0.007390474144538756,0.009056471016133348
EtalonEtalon_R07_20260505110001_deg0_sp.fits,61165.472866392,0.003260737285863077,0.004579001424682735
EtalonEtalon_R07_20260507050001_deg0_sp.fits,61167.222867877,0.03287610075597263,0.03423273055493565
EtalonEtalon_R07_20260507080001_deg0_sp.fits,61167.347866804,0.0303292864690234,0.03159766658734013
EtalonEtalon_R07_20260507110001_deg0_sp.fits,61167.472865714,0.030314225065081087,0.03156328208211079
EtalonEtalon_R07_20260508050001_deg0_sp.fits,61168.222876939,0.040810627148672424,0.04280988982513205
EtalonEtalon_R07_20260508080001_deg0_sp.fits,61168.347875867,0.04002743598062683,0.04085115083067585
EtalonEtalon_R07_20260508110001_deg0_sp.fits,61168.472857700,0.03762145389519413,0.03991198339435878
EtalonEtalon_R07_20260509050001_deg0_sp.fits,61169.222868140,0.0404554942630208,0.0424355785570168
EtalonEtalon_R07_20260509080001_deg0_sp.fits,61169.347867075,0.03821634758769462,0.03987466275692212
EtalonEtalon_R07_20260509110001_deg0_sp.fits,61169.472865986,0.03541367397520245,0.03748677893611184
EtalonEtalon_R07_20260510050001_deg0_sp.fits,61170.222877388,0.04775740687047883,0.04853076602143441
EtalonEtalon_R07_20260510080001_deg0_sp.fits,61170.347876645,0.043883252760862794,0.04391730767135818
EtalonEtalon_R07_20260510110001_deg0_sp.fits,61170.472875852,0.041826602350063774,0.04243184309446883
EtalonEtalon_R07_20260511050001_deg0_sp.fits,61171.222870326,0.05819538433227659,0.05792108192793947
EtalonEtalon_R07_20260511080002_deg0_sp.fits,61171.347886602,0.057327218722579655,0.05780654038223056
EtalonEtalon_R07_20260511110001_deg0_sp.fits,61171.472868670,0.055960491132271785,0.05590006565970501
EtalonEtalon_R07_20260512050001_deg0_sp.fits,61172.222863267,0.06221819153229527,0.06207711509303755
EtalonEtalon_R07_20260512080001_deg0_sp.fits,61172.347862637,0.05990921084510142,0.06033146809615605
EtalonEtalon_R07_20260512110001_deg0_sp.fits,61172.472861948,0.05764351364652923,0.05793258041921364
EtalonEtalon_R08_20260503050002_deg0_sp.fits,61163.225105669,0.02986744163897176,0.03061970558748381
EtalonEtalon_R08_20260503080001_deg0_sp.fits,61163.350087431,0.028205196814740135,0.029092854398791963
EtalonEtalon_R08_20260503110001_deg0_sp.fits,61163.475086345,0.024385889935468627,0.02428902901412138
EtalonEtalon_R08_20260504050001_deg0_sp.fits,61164.225097488,0.016534346765217908,0.01642726512666885
EtalonEtalon_R08_20260504080002_deg0_sp.fits,61164.350096374,0.017848287865245283,0.01729286089114334
EtalonEtalon_R08_20260504110001_deg0_sp.fits,61164.475095263,0.013565842444434727,0.014731675550790937
EtalonEtalon_R08_20260505050001_deg0_sp.fits,61165.225089345,0.011557128309681187,0.013262462832812055
EtalonEtalon_R08_20260505080002_deg0_sp.fits,61165.350105377,0.007902109779685506,0.00909852399522906
EtalonEtalon_R08_20260505110001_deg0_sp.fits,61165.475087231,0.003153647504887221,0.0047521758451686555
EtalonEtalon_R08_20260507050001_deg0_sp.fits,61167.225088715,0.032633891096590144,0.035338021791552814
EtalonEtalon_R08_20260507080001_deg0_sp.fits,61167.350087644,0.029702334149820653,0.03207069243254683
EtalonEtalon_R08_20260507110001_deg0_sp.fits,61167.475086552,0.029815539028208257,0.03235743756084615
EtalonEtalon_R08_20260508050001_deg0_sp.fits,61168.225097778,0.04143686998418253,0.04265044989427317
EtalonEtalon_R08_20260508080001_deg0_sp.fits,61168.350096706,0.03899128732965389,0.04178467670258211
EtalonEtalon_R08_20260508110001_deg0_sp.fits,61168.475078540,0.03879277518377801,0.040193982940361736
EtalonEtalon_R08_20260509050001_deg0_sp.fits,61169.225088980,0.04061700737223626,0.04329433704212714
EtalonEtalon_R08_20260509080001_deg0_sp.fits,61169.350087916,0.0387684806138663,0.04050766721387597
EtalonEtalon_R08_20260509110001_deg0_sp.fits,61169.475086825,0.035171555011222266,0.036884611812940685
EtalonEtalon_R08_20260510050001_deg0_sp.fits,61170.225098227,0.04721686330406581,0.04770491597393571
EtalonEtalon_R08_20260510080001_deg0_sp.fits,61170.350097485,0.04384942707071929,0.04363626016112862
EtalonEtalon_R08_20260510110001_deg0_sp.fits,61170.475096693,0.04340082175910831,0.04314764956453522
EtalonEtalon_R08_20260511050001_deg0_sp.fits,61171.225091166,0.0590264075149354,0.05909419494638268
EtalonEtalon_R08_20260511080002_deg0_sp.fits,61171.350107442,0.05749107380197402,0.05716212317739505
EtalonEtalon_R08_20260511110001_deg0_sp.fits,61171.475089510,0.05619063835088297,0.05619175644834864
EtalonEtalon_R08_20260512050001_deg0_sp.fits,61172.225084110,0.06223340150650411,0.06283150231551307
EtalonEtalon_R08_20260512080001_deg0_sp.fits,61172.350083479,0.05984495738141671,0.05920160511970838
EtalonEtalon_R08_20260512110001_deg0_sp.fits,61172.475082789,0.05762218763682039,0.05668717411694435
EtalonEtalon_R09_20260503050002_deg0_sp.fits,61163.227326507,0.03071427699591412,0.03133602099184478
EtalonEtalon_R09_20260503080001_deg0_sp.fits,61163.352308270,0.02812861605559376,0.030294404854292273
EtalonEtalon_R09_20260503110001_deg0_sp.fits,61163.477307183,0.023942431292483673,0.023904712634268112
EtalonEtalon_R09_20260504050001_deg0_sp.fits,61164.227318325,0.01698250975314325,0.016648425932650358
EtalonEtalon_R09_20260504080002_deg0_sp.fits,61164.352317213,0.015132157354175989,0.01636205565397391
EtalonEtalon_R09_20260504110001_deg0_sp.fits,61164.477316100,0.013858862585528391,0.014458147154700294
EtalonEtalon_R09_20260505050001_deg0_sp.fits,61165.227310185,0.012142275699736391,0.01290487047181799
EtalonEtalon_R09_20260505080002_deg0_sp.fits,61165.352326216,0.007712147379578532,0.008417350123680821
EtalonEtalon_R09_20260505110001_deg0_sp.fits,61165.477308069,0.004053720045538175,0.00538751165872412
EtalonEtalon_R09_20260507050001_deg0_sp.fits,61167.227309554,0.03321256668049449,0.03456281199769889
EtalonEtalon_R09_20260507080001_deg0_sp.fits,61167.352308483,0.031099465443658342,0.031600753926953835
EtalonEtalon_R09_20260507110001_deg0_sp.fits,61167.477307391,0.029001158081918037,0.030791649969738828
EtalonEtalon_R09_20260508050001_deg0_sp.fits,61168.227318617,0.04048925510209074,0.042100212598969
EtalonEtalon_R09_20260508080001_deg0_sp.fits,61168.352317544,0.04024254473813679,0.04143200015320381
EtalonEtalon_R09_20260508110001_deg0_sp.fits,61168.477299380,0.03757787835901599,0.04053925437638673
EtalonEtalon_R09_20260509050001_deg0_sp.fits,61169.227309819,0.04142529997596231,0.044130134254295864
EtalonEtalon_R09_20260509080001_deg0_sp.fits,61169.352308755,0.03846925189199055,0.0395660882045638
EtalonEtalon_R09_20260509110001_deg0_sp.fits,61169.477307663,0.03554657601609992,0.03698120120810681
EtalonEtalon_R09_20260510050001_deg0_sp.fits,61170.227319067,0.04762656831593827,0.047665506939803357
EtalonEtalon_R09_20260510080001_deg0_sp.fits,61170.352318326,0.04297979791072187,0.04384412132331261
EtalonEtalon_R09_20260510110001_deg0_sp.fits,61170.477317533,0.044077408985770145,0.04357817227648312
EtalonEtalon_R09_20260511050001_deg0_sp.fits,61171.227312005,0.059294963659478984,0.05876445879048855
EtalonEtalon_R09_20260511080002_deg0_sp.fits,61171.352328282,0.057157815310610184,0.056616558073231224
EtalonEtalon_R09_20260511110001_deg0_sp.fits,61171.477310349,0.05612150578133938,0.05661437244628993
EtalonEtalon_R09_20260512050001_deg0_sp.fits,61172.227304952,0.06310039693574397,0.06219207140470606
EtalonEtalon_R09_20260512080001_deg0_sp.fits,61172.352304321,0.06018750927131725,0.060181179049291454
EtalonEtalon_R09_20260512110001_deg0_sp.fits,61172.477303629,0.057353456949698435,0.05798204973516311
EtalonEtalon_R10_20260503050002_deg0_sp.fits,61163.229547345,0.029835248646714416,0.030975646124809054
EtalonEtalon_R10_20260503080001_deg0_sp.fits,61163.354529109,0.02910119944112592,0.02872770867161346
EtalonEtalon_R10_20260503110001_deg0_sp.fits,61163.479528021,0.02495958925857426,0.02482872506903815
EtalonEtalon_R10_20260504050001_deg0_sp.fits,61164.229539163,0.01726909986101137,0.017595647361714616
EtalonEtalon_R10_20260504080002_deg0_sp.fits,61164.354538054,0.015065516852028322,0.016003128843334193
EtalonEtalon_R10_20260504110001_deg0_sp.fits,61164.479536938,0.01431679400420862,0.014576348180207527
EtalonEtalon_R10_20260505050001_deg0_sp.fits,61165.229531024,0.01139488855117996,0.012881485506087753
EtalonEtalon_R10_20260505080002_deg0_sp.fits,61165.354547055,0.0063418544482897864,0.008404931686577216
EtalonEtalon_R10_20260505110001_deg0_sp.fits,61165.479528907,0.004253305129621259,0.005199530930743735
EtalonEtalon_R10_20260507050001_deg0_sp.fits,61167.229530393,0.03203920475946883,0.03412504279636892
EtalonEtalon_R10_20260507080001_deg0_sp.fits,61167.354529322,0.029386159476287754,0.03150384592897727
EtalonEtalon_R10_20260507110001_deg0_sp.fits,61167.479528229,0.029012651499712216,0.03014158566370312
EtalonEtalon_R10_20260508050001_deg0_sp.fits,61168.229539457,0.040710286714516083,0.042575231319408983
EtalonEtalon_R10_20260508080001_deg0_sp.fits,61168.354538384,0.040538105265039856,0.040833267851632674
EtalonEtalon_R10_20260508110001_deg0_sp.fits,61168.479520221,0.03804198774458463,0.04033231032281167
EtalonEtalon_R10_20260509050001_deg0_sp.fits,61169.229530664,0.041357597244183336,0.04317710062500736
EtalonEtalon_R10_20260509080001_deg0_sp.fits,61169.354529595,0.03793967372911808,0.03891703748873877
EtalonEtalon_R10_20260509110001_deg0_sp.fits,61169.479528502,0.0356198173986238,0.03773385569144151
EtalonEtalon_R10_20260510050001_deg0_sp.fits,61170.229539909,0.048365109717444385,0.047265132602882655
EtalonEtalon_R10_20260510080001_deg0_sp.fits,61170.354539166,0.04350471910929928,0.043579831348655854
EtalonEtalon_R10_20260510110001_deg0_sp.fits,61170.479538372,0.04349060212606611,0.04315513479934895
EtalonEtalon_R10_20260511050001_deg0_sp.fits,61171.229532843,0.05883181318186961,0.059466002405744144
EtalonEtalon_R10_20260511080002_deg0_sp.fits,61171.354549121,0.05711078281579095,0.056957588770272724
EtalonEtalon_R10_20260511110001_deg0_sp.fits,61171.479531188,0.05696318817085492,0.057419972292363994
EtalonEtalon_R10_20260512050001_deg0_sp.fits,61172.229525798,0.06224765686969307,0.06134503254982258
EtalonEtalon_R10_20260512080001_deg0_sp.fits,61172.354525163,0.059623026251451536,0.05877856499381615
EtalonEtalon_R10_20260512110001_deg0_sp.fits,61172.479524469,0.058231789087363955,0.057820371633668655
EtalonEtalon_R11_20260503050002_deg0_sp.fits,61163.231768181,0.030936618677188395,0.03159824484026456
EtalonEtalon_R11_20260503080001_deg0_sp.fits,61163.356749949,0.028314045522805267,0.028579954403721734
EtalonEtalon_R11_20260503110001_deg0_sp.fits,61163.481748859,0.02447896758619329,0.024047797731798194
EtalonEtalon_R11_20260504050001_deg0_sp.fits,61164.231760001,0.017536278275689796,0.01756752441139202
EtalonEtalon_R11_20260504080002_deg0_sp.fits,61164.356758893,0.016013897417369274,0.015854570776254642
EtalonEtalon_R11_20260504110001_deg0_sp.fits,61164.481757775,0.014791797895709228,0.015671467609067447
EtalonEtalon_R11_20260505050001_deg0_sp.fits,61165.231751863,0.01175268539784176,0.012824733087109016
EtalonEtalon_R11_20260505080002_deg0_sp.fits,61165.356767893,0.005954947853152825,0.007637539004806957
EtalonEtalon_R11_20260505110001_deg0_sp.fits,61165.481749746,0.002507049396381773,0.005040384931228714
EtalonEtalon_R11_20260507050001_deg0_sp.fits,61167.231751232,0.03246123663243934,0.03379895716919901
EtalonEtalon_R11_20260507080001_deg0_sp.fits,61167.356750162,0.029786873561480316,0.03128148129107989
EtalonEtalon_R11_20260507110001_deg0_sp.fits,61167.481749074,0.028325747869776412,0.029945810472934282
EtalonEtalon_R11_20260508050001_deg0_sp.fits,61168.231760297,0.03978658780894998,0.0409844323090427
EtalonEtalon_R11_20260508080001_deg0_sp.fits,61168.356759224,0.03976299471479791,0.0411209902853863
EtalonEtalon_R11_20260508110001_deg0_sp.fits,61168.481741062,0.03691287744314923,0.039415270784534696
EtalonEtalon_R11_20260509050001_deg0_sp.fits,61169.231751511,0.041027207527897305,0.04201739410855467
EtalonEtalon_R11_20260509080001_deg0_sp.fits,61169.356750437,0.038151715682672074,0.04004609309785212
EtalonEtalon_R11_20260509110001_deg0_sp.fits,61169.481749341,0.036804144536793953,0.03833897703001897
EtalonEtalon_R11_20260510050001_deg0_sp.fits,61170.231760752,0.04717550858564013,0.046788603679385005
EtalonEtalon_R11_20260510080001_deg0_sp.fits,61170.356760007,0.04338856074408643,0.0450877452512328
EtalonEtalon_R11_20260510110001_deg0_sp.fits,61170.481759211,0.042989859510505726,0.04369408495117144
EtalonEtalon_R11_20260511050001_deg0_sp.fits,61171.231753682,0.058389137118130464,0.057902605093068646
EtalonEtalon_R11_20260511080002_deg0_sp.fits,61171.356769960,0.05752971429802404,0.05746742267661249
EtalonEtalon_R11_20260511110001_deg0_sp.fits,61171.481752027,0.056315122780480044,0.05646768320635772
EtalonEtalon_R11_20260512050001_deg0_sp.fits,61172.231746647,0.06231917510161527,0.06150041254712606
EtalonEtalon_R11_20260512080001_deg0_sp.fits,61172.356746005,0.05871538441447791,0.05883613883425702
EtalonEtalon_R11_20260512110001_deg0_sp.fits,61172.481745311,0.057449032679771826,0.057134355860049
EtalonEtalon_R12_20260503050002_deg0_sp.fits,61163.233989018,0.031114057757332576,0.03219136373263202
EtalonEtalon_R12_20260503080001_deg0_sp.fits,61163.358970787,0.026847785723850118,0.02851054521969736
EtalonEtalon_R12_20260503110001_deg0_sp.fits,61163.483969697,0.024571274124937727,0.024730681608415902
EtalonEtalon_R12_20260504050001_deg0_sp.fits,61164.233980839,0.016751344503801658,0.017359331371195393
EtalonEtalon_R12_20260504080002_deg0_sp.fits,61164.358979734,0.016610167894302322,0.01668153420062115
EtalonEtalon_R12_20260504110001_deg0_sp.fits,61164.483978612,0.014267831382322278,0.014469610188456836
EtalonEtalon_R12_20260505050001_deg0_sp.fits,61165.233972704,0.011794514313484989,0.012794178034199688
EtalonEtalon_R12_20260505080002_deg0_sp.fits,61165.358988731,0.006207966375556351,0.00717967534534075
EtalonEtalon_R12_20260505110001_deg0_sp.fits,61165.483970584,0.004201080299437024,0.004903501370140275
EtalonEtalon_R12_20260507050001_deg0_sp.fits,61167.233972072,0.031561300944780296,0.03436136025871222
EtalonEtalon_R12_20260507080001_deg0_sp.fits,61167.358971002,0.029193426202958214,0.03153257984756024
EtalonEtalon_R12_20260507110001_deg0_sp.fits,61167.483969915,0.029128683571446448,0.03118857052203359
EtalonEtalon_R12_20260508050001_deg0_sp.fits,61168.233981135,0.03915531588359091,0.041266769392473215
EtalonEtalon_R12_20260508080001_deg0_sp.fits,61168.358980062,0.04015632992632774,0.040755457806251776
EtalonEtalon_R12_20260508110001_deg0_sp.fits,61168.483961902,0.03799852683040692,0.04022113984922821
EtalonEtalon_R12_20260509050001_deg0_sp.fits,61169.233972350,0.04133035250540755,0.04265959565000223
EtalonEtalon_R12_20260509080001_deg0_sp.fits,61169.358971276,0.03949054494965402,0.040818757442659497
EtalonEtalon_R12_20260509110001_deg0_sp.fits,61169.483970180,0.03722774560073163,0.038431663211674794
EtalonEtalon_R12_20260510050001_deg0_sp.fits,61170.233981595,0.04684044315789671,0.04727942289547747
EtalonEtalon_R12_20260510080001_deg0_sp.fits,61170.358980848,0.043005341981456474,0.04335733390209916
EtalonEtalon_R12_20260510110001_deg0_sp.fits,61170.483980051,0.040140903199078676,0.041956497849213396
EtalonEtalon_R12_20260511050001_deg0_sp.fits,61171.233974522,0.05828536796472631,0.05884183522359201
EtalonEtalon_R12_20260511080002_deg0_sp.fits,61171.358990799,0.05802020994106608,0.057411999129070176
EtalonEtalon_R12_20260511110001_deg0_sp.fits,61171.483972866,0.05639676108892341,0.05635696937144946
EtalonEtalon_R12_20260512050001_deg0_sp.fits,61172.233967495,0.062352981643503114,0.06179590668387765
EtalonEtalon_R12_20260512080001_deg0_sp.fits,61172.358966849,0.05945501261849925,0.05975790226382949
EtalonEtalon_R12_20260512110001_deg0_sp.fits,61172.483966155,0.05682753094894645,0.056376498050539715
EtalonEtalon_R13_20260503050002_deg0_sp.fits,61163.236209855,0.030582382493995856,0.03135316490732328
EtalonEtalon_R13_20260503080001_deg0_sp.fits,61163.361191626,0.02792349020133205,0.028689093031016917
EtalonEtalon_R13_20260503110001_deg0_sp.fits,61163.486190534,0.024529135990357016,0.023651146293930315
EtalonEtalon_R13_20260504050001_deg0_sp.fits,61164.236201678,0.016349982587533594,0.016996268265162557
EtalonEtalon_R13_20260504080002_deg0_sp.fits,61164.361200574,0.016582494902102236,0.017732138910263172
EtalonEtalon_R13_20260504110001_deg0_sp.fits,61164.486199449,0.01375448587361294,0.014408924744876182
EtalonEtalon_R13_20260505050001_deg0_sp.fits,61165.236193543,0.011100711747149276,0.011691579904041793
EtalonEtalon_R13_20260505080002_deg0_sp.fits,61165.361209570,0.005989311033387344,0.007743391829604223
EtalonEtalon_R13_20260505110001_deg0_sp.fits,61165.486191423,0.004749019461380076,0.006261422716514056
EtalonEtalon_R13_20260507050001_deg0_sp.fits,61167.236192913,0.03292748952951334,0.034696662601692456
EtalonEtalon_R13_20260507080001_deg0_sp.fits,61167.361191843,0.029460145514314376,0.03097601023503674
EtalonEtalon_R13_20260507110001_deg0_sp.fits,61167.486190755,0.02964520700360547,0.03119420527753623
EtalonEtalon_R13_20260508050001_deg0_sp.fits,61168.236201977,0.038908164015912045,0.041034308040983236
EtalonEtalon_R13_20260508080001_deg0_sp.fits,61168.361200900,0.03997626015365715,0.04254265667822612
EtalonEtalon_R13_20260508110001_deg0_sp.fits,61168.486182742,0.037288984662769635,0.039021596046463616
EtalonEtalon_R13_20260509050001_deg0_sp.fits,61169.236193189,0.04103245281979025,0.04127451357418751
EtalonEtalon_R13_20260509080001_deg0_sp.fits,61169.361192116,0.03905739044642615,0.04012829727530321
EtalonEtalon_R13_20260509110001_deg0_sp.fits,61169.486191020,0.037127024323044655,0.03785820674651781
EtalonEtalon_R13_20260510050001_deg0_sp.fits,61170.236202435,0.04649198914850487,0.04714602877196232
EtalonEtalon_R13_20260510080001_deg0_sp.fits,61170.361201689,0.04323662912035424,0.04362347018925272
EtalonEtalon_R13_20260510110001_deg0_sp.fits,61170.486200890,0.04291223573327325,0.04262568125108086
EtalonEtalon_R13_20260511050001_deg0_sp.fits,61171.236195361,0.057521334330967705,0.058605169301123784
EtalonEtalon_R13_20260511080002_deg0_sp.fits,61171.361211637,0.05839112736407918,0.05779126755112096
EtalonEtalon_R13_20260511110001_deg0_sp.fits,61171.486193704,0.05676466020104973,0.05667432209641944
EtalonEtalon_R13_20260512050001_deg0_sp.fits,61172.236188339,0.062378364637504596,0.06180159384981025
EtalonEtalon_R13_20260512080001_deg0_sp.fits,61172.361187693,0.05987395192605163,0.05912103104037024
EtalonEtalon_R13_20260512110001_deg0_sp.fits,61172.486186997,0.05762144717960046,0.05700530563193416
EtalonEtalon_R14_20260503050002_deg0_sp.fits,61163.238430692,0.03057583137481735,0.031530097281407085
EtalonEtalon_R14_20260503080001_deg0_sp.fits,61163.363412463,0.02828108597121047,0.02812128957343127
EtalonEtalon_R14_20260503110001_deg0_sp.fits,61163.488411371,0.02443387666288565,0.024663904890493797
EtalonEtalon_R14_20260504050001_deg0_sp.fits,61164.238422517,0.016634570253561125,0.018272559170686646
EtalonEtalon_R14_20260504080002_deg0_sp.fits,61164.363421414,0.015891785750105643,0.017096282708029684
EtalonEtalon_R14_20260504110001_deg0_sp.fits,61164.488420287,0.013037221090112544,0.013856448154430472
EtalonEtalon_R14_20260505050001_deg0_sp.fits,61165.238414383,0.011129840750550632,0.012761235569645946
EtalonEtalon_R14_20260505080002_deg0_sp.fits,61165.363430409,0.006114995142219867,0.00734399684202505
EtalonEtalon_R14_20260505110001_deg0_sp.fits,61165.488412260,0.004179679272774592,0.006692203824346833
EtalonEtalon_R14_20260507050001_deg0_sp.fits,61167.238413752,0.032901503310719137,0.035061077821175374
EtalonEtalon_R14_20260507080001_deg0_sp.fits,61167.363412685,0.029274010702949937,0.031045061776942856
EtalonEtalon_R14_20260507110001_deg0_sp.fits,61167.488411599,0.028865886468724195,0.03012076711235056
EtalonEtalon_R14_20260508050001_deg0_sp.fits,61168.238422820,0.03837167785267207,0.04114148434684014
EtalonEtalon_R14_20260508080001_deg0_sp.fits,61168.363421739,0.03967062094163901,0.04134583059281998
EtalonEtalon_R14_20260508110001_deg0_sp.fits,61168.488403584,0.03684070881576174,0.040563065997411094
EtalonEtalon_R14_20260509050001_deg0_sp.fits,61169.238414026,0.04086846638027793,0.0427342085517274
EtalonEtalon_R14_20260509080001_deg0_sp.fits,61169.363412957,0.03882054596032826,0.039894853406475465
EtalonEtalon_R14_20260509110001_deg0_sp.fits,61169.488411859,0.0361736436091605,0.037802340769611864
EtalonEtalon_R14_20260510050001_deg0_sp.fits,61170.238423273,0.04730526018531894,0.046127887349240365
EtalonEtalon_R14_20260510080001_deg0_sp.fits,61170.363422532,0.04439954795908544,0.04379182484685308
EtalonEtalon_R14_20260510110001_deg0_sp.fits,61170.488421730,0.04233015434914405,0.04217873695444037
EtalonEtalon_R14_20260511050001_deg0_sp.fits,61171.238416201,0.05750601496441479,0.05801418921450666
EtalonEtalon_R14_20260511080002_deg0_sp.fits,61171.363432475,0.0585030035140868,0.05762920296101145
EtalonEtalon_R14_20260511110001_deg0_sp.fits,61171.488414541,0.05722076912304494,0.056680703057412
EtalonEtalon_R14_20260512050001_deg0_sp.fits,61172.238409182,0.062062448215835175,0.06197621310683634
EtalonEtalon_R14_20260512080001_deg0_sp.fits,61172.363408538,0.05969447870559044,0.05966167025229905
EtalonEtalon_R14_20260512110001_deg0_sp.fits,61172.488407838,0.057136255376747234,0.057060384273616
EtalonEtalon_R15_20260503050002_deg0_sp.fits,61163.240651530,0.030618468778159595,0.03164549064365669
EtalonEtalon_R15_20260503080001_deg0_sp.fits,61163.365633302,0.027492917357408497,0.0281578210601017
EtalonEtalon_R15_20260503110001_deg0_sp.fits,61163.490632209,0.024037925843601288,0.025021219239315558
EtalonEtalon_R15_20260504050001_deg0_sp.fits,61164.240643355,0.01678886356169906,0.017672569405783038
EtalonEtalon_R15_20260504080002_deg0_sp.fits,61164.365642255,0.015496638334959392,0.01601358384024894
EtalonEtalon_R15_20260504110001_deg0_sp.fits,61164.490641126,0.013425994031773667,0.01401691839002783
EtalonEtalon_R15_20260505050001_deg0_sp.fits,61165.240635223,0.011473142900447906,0.013103384595620654
EtalonEtalon_R15_20260505080002_deg0_sp.fits,61165.365651248,0.0063609345980511515,0.00719226221405906
EtalonEtalon_R15_20260505110001_deg0_sp.fits,61165.490633099,0.0039563425587212115,0.005758245464168784
EtalonEtalon_R15_20260507050001_deg0_sp.fits,61167.240634592,0.032491776777180924,0.035023145969897765
EtalonEtalon_R15_20260507080001_deg0_sp.fits,61167.365633525,0.028930729626617562,0.03020553847741243
EtalonEtalon_R15_20260507110001_deg0_sp.fits,61167.490632439,0.027889074443147373,0.0300542893388946
EtalonEtalon_R15_20260508050001_deg0_sp.fits,61168.240643661,0.039057163629074174,0.0415043403941808
EtalonEtalon_R15_20260508080001_deg0_sp.fits,61168.365642578,0.03936473992921558,0.042235066360061864
EtalonEtalon_R15_20260508110001_deg0_sp.fits,61168.490624426,0.03637479958716906,0.03974178147267919
EtalonEtalon_R15_20260509050001_deg0_sp.fits,61169.240634864,0.040917629574393634,0.04263705028286244
EtalonEtalon_R15_20260509080001_deg0_sp.fits,61169.365633798,0.039097063242377494,0.03909545516212433
EtalonEtalon_R15_20260509110001_deg0_sp.fits,61169.490632697,0.036328560341709754,0.03750610673347753
EtalonEtalon_R15_20260510050001_deg0_sp.fits,61170.240644111,0.04728283858493508,0.04712576213587573
EtalonEtalon_R15_20260510080001_deg0_sp.fits,61170.365643374,0.04388991397297854,0.044811818067583185
EtalonEtalon_R15_20260510110001_deg0_sp.fits,61170.490642570,0.04282696674236156,0.04350715085905802
EtalonEtalon_R15_20260511050001_deg0_sp.fits,61171.240637041,0.05730018008858736,0.05774717306009184
EtalonEtalon_R15_20260511080002_deg0_sp.fits,61171.365653314,0.05710644040301248,0.05688502345065318
EtalonEtalon_R15_20260511110001_deg0_sp.fits,61171.490635378,0.05769525680562915,0.05748422948572417
EtalonEtalon_R15_20260512050001_deg0_sp.fits,61172.240630026,0.06298918117571882,0.06229622172185412
EtalonEtalon_R15_20260512080001_deg0_sp.fits,61172.365629381,0.060255592671143415,0.05944679752674562
EtalonEtalon_R15_20260512110001_deg0_sp.fits,61172.490628679,0.05673237534507796,0.05715547276439076
EtalonEtalon_R16_20260503050002_deg0_sp.fits,61163.242872368,0.031791922074989376,0.032675530028244734
EtalonEtalon_R16_20260503080001_deg0_sp.fits,61163.367854141,0.027861755609301448,0.029321535879130715
EtalonEtalon_R16_20260503110001_deg0_sp.fits,61163.492853048,0.0240335673003124,0.023993154039867473
EtalonEtalon_R16_20260504050001_deg0_sp.fits,61164.242864193,0.01627039248176909,0.01645630091388047
EtalonEtalon_R16_20260504080002_deg0_sp.fits,61164.367863096,0.015568810509831573,0.01638790818189411
EtalonEtalon_R16_20260504110001_deg0_sp.fits,61164.492861966,0.014102979493358758,0.014171733220312907
EtalonEtalon_R16_20260505050001_deg0_sp.fits,61165.242856061,0.011263511293222637,0.012628219658748885
EtalonEtalon_R16_20260505080002_deg0_sp.fits,61165.367872088,0.005088833562589833,0.006346585403210153
EtalonEtalon_R16_20260505110001_deg0_sp.fits,61165.492853937,0.0033771020823635573,0.005311357484332282
EtalonEtalon_R16_20260507050001_deg0_sp.fits,61167.242855431,0.031460420838175615,0.0345194432719501
EtalonEtalon_R16_20260507080001_deg0_sp.fits,61167.367854370,0.02932527684903869,0.03148302713987009
EtalonEtalon_R16_20260507110001_deg0_sp.fits,61167.492853279,0.028993576447494156,0.030851810177876405
EtalonEtalon_R16_20260508050001_deg0_sp.fits,61168.242864500,0.039845704630051944,0.0409433599660654
EtalonEtalon_R16_20260508080001_deg0_sp.fits,61168.367863419,0.039745286070437695,0.04143931432755675
EtalonEtalon_R16_20260508110001_deg0_sp.fits,61168.492845271,0.03823662797450122,0.04081567157069631
EtalonEtalon_R16_20260509050001_deg0_sp.fits,61169.242855704,0.041940446025126726,0.04244571060664582
EtalonEtalon_R16_20260509080001_deg0_sp.fits,61169.367854638,0.037580868403010996,0.03960089476218654
EtalonEtalon_R16_20260509110001_deg0_sp.fits,61169.492853537,0.03675601195588977,0.03836520273649207
EtalonEtalon_R16_20260510050001_deg0_sp.fits,61170.242864950,0.04708027201787205,0.047549295403942045
EtalonEtalon_R16_20260510080001_deg0_sp.fits,61170.367864217,0.0445886537115453,0.044563911268730674
EtalonEtalon_R16_20260510110001_deg0_sp.fits,61170.492863409,0.04286124235734094,0.04410123876197886
EtalonEtalon_R16_20260511050001_deg0_sp.fits,61171.242857880,0.057744721584283315,0.057525739715771705
EtalonEtalon_R16_20260511080002_deg0_sp.fits,61171.367874153,0.05644511788994306,0.05675845320981715
EtalonEtalon_R16_20260511110001_deg0_sp.fits,61171.492856216,0.05771972796295328,0.05700228021305113
EtalonEtalon_R16_20260512050001_deg0_sp.fits,61172.242850872,0.0619582958936713,0.06220991002805006
EtalonEtalon_R16_20260512080001_deg0_sp.fits,61172.367850224,0.05957803358254269,0.0590173809593751
EtalonEtalon_R16_20260512110001_deg0_sp.fits,61172.492849520,0.056896044305336,0.05661332562918212
EtalonEtalon_R17_20260503050002_deg0_sp.fits,61163.245093205,0.03128802531844987,0.03153847303587419
EtalonEtalon_R17_20260503080001_deg0_sp.fits,61163.370074979,0.02818306441382528,0.028749649831362356
EtalonEtalon_R17_20260503110001_deg0_sp.fits,61163.495073886,0.024201177472321953,0.024922968437422206
EtalonEtalon_R17_20260504050001_deg0_sp.fits,61164.245085032,0.016464777298890128,0.017007855493096354
EtalonEtalon_R17_20260504080002_deg0_sp.fits,61164.370083935,0.015597680733072031,0.016528049529259577
EtalonEtalon_R17_20260504110001_deg0_sp.fits,61164.495082805,0.013956999317941766,0.014661641134401743
EtalonEtalon_R17_20260505050001_deg0_sp.fits,61165.245076898,0.009756867543141354,0.010458707079187895
EtalonEtalon_R17_20260505080002_deg0_sp.fits,61165.370092927,0.005762446007894396,0.007304936397846939
EtalonEtalon_R17_20260505110001_deg0_sp.fits,61165.495074776,0.004934779157279594,0.005422504178739238
EtalonEtalon_R17_20260507050001_deg0_sp.fits,61167.245076272,0.03299330221649371,0.03322115750953875
EtalonEtalon_R17_20260507080001_deg0_sp.fits,61167.370075214,0.02977580418556503,0.030173540041717628
EtalonEtalon_R17_20260507110001_deg0_sp.fits,61167.495074119,0.029902848933855808,0.03125400563264476
EtalonEtalon_R17_20260508050001_deg0_sp.fits,61168.245085339,0.03938430640196001,0.040935218008609185
EtalonEtalon_R17_20260508080001_deg0_sp.fits,61168.370084263,0.039775044631332156,0.040780926681009036
EtalonEtalon_R17_20260508110001_deg0_sp.fits,61168.495066114,0.038180479176240456,0.040280821956245313
EtalonEtalon_R17_20260509050001_deg0_sp.fits,61169.245076543,0.0412262663245422,0.04279224098884135
EtalonEtalon_R17_20260509080001_deg0_sp.fits,61169.370075480,0.03757427153354228,0.03939614464362063
EtalonEtalon_R17_20260509110001_deg0_sp.fits,61169.495074377,0.03570033240978022,0.03780518769667035
EtalonEtalon_R17_20260510050001_deg0_sp.fits,61170.245085790,0.04717612109377871,0.04828349551095558
EtalonEtalon_R17_20260510080001_deg0_sp.fits,61170.370085060,0.043158381548794075,0.04401402798765736
EtalonEtalon_R17_20260510110001_deg0_sp.fits,61170.495084249,0.04366585226781995,0.043966639242951105
EtalonEtalon_R17_20260511050001_deg0_sp.fits,61171.245078720,0.05843488548084974,0.05809828340830568
EtalonEtalon_R17_20260511080002_deg0_sp.fits,61171.370094992,0.05663885629750836,0.056256953129643336
EtalonEtalon_R17_20260511110001_deg0_sp.fits,61171.495077056,0.05769570585493682,0.057045670366743385
EtalonEtalon_R17_20260512050001_deg0_sp.fits,61172.245071717,0.06275745158139301,0.06270562406114964
EtalonEtalon_R17_20260512080001_deg0_sp.fits,61172.370071067,0.05857278036780887,0.058778521973626985
EtalonEtalon_R17_20260512110001_deg0_sp.fits,61172.495070361,0.057347311704892365,0.056826026660062
EtalonEtalon_R18_20260503050002_deg0_sp.fits,61163.247314041,0.030914879018848748,0.03139714535305966
EtalonEtalon_R18_20260503080001_deg0_sp.fits,61163.372295819,0.02712329518581533,0.028319832015624026
EtalonEtalon_R18_20260503110001_deg0_sp.fits,61163.497294723,0.02442718485528608,0.024406056040328323
EtalonEtalon_R18_20260504050001_deg0_sp.fits,61164.247305870,0.01571188552621887,0.015535617670514496
EtalonEtalon_R18_20260504080002_deg0_sp.fits,61164.372304774,0.015024431955137675,0.016019030983470028
EtalonEtalon_R18_20260504110001_deg0_sp.fits,61164.497303644,0.012740743029615245,0.014447551376152057
EtalonEtalon_R18_20260505050001_deg0_sp.fits,61165.247297735,0.010294705510116822,0.011387599691426185
EtalonEtalon_R18_20260505080002_deg0_sp.fits,61165.372313768,0.006137160987736877,0.0070937622862272025
EtalonEtalon_R18_20260505110001_deg0_sp.fits,61165.497295614,0.004022589409505246,0.005629119095786582
EtalonEtalon_R18_20260507050001_deg0_sp.fits,61167.247297113,0.033173777257983345,0.03467202078799851
EtalonEtalon_R18_20260507080001_deg0_sp.fits,61167.372296053,0.02948647692296776,0.031014383882251906
EtalonEtalon_R18_20260507110001_deg0_sp.fits,61167.497294959,0.02913902714161827,0.031008406407950696
EtalonEtalon_R18_20260508050001_deg0_sp.fits,61168.247306183,0.038919770323740784,0.03981242093469704
EtalonEtalon_R18_20260508080001_deg0_sp.fits,61168.372305105,0.039018349229234146,0.04056279815961313
EtalonEtalon_R18_20260508110001_deg0_sp.fits,61168.497286955,0.0384341661627993,0.04075974497924799
EtalonEtalon_R18_20260509050001_deg0_sp.fits,61169.247297383,0.042054223730879824,0.04312324079353455
EtalonEtalon_R18_20260509080001_deg0_sp.fits,61169.372296321,0.037720874421875314,0.03925769246547047
EtalonEtalon_R18_20260509110001_deg0_sp.fits,61169.497295217,0.03627123131049681,0.038645385762425745
EtalonEtalon_R18_20260510050001_deg0_sp.fits,61170.247306630,0.04682936796920215,0.047570490760905325
EtalonEtalon_R18_20260510080001_deg0_sp.fits,61170.372305902,0.04332902507646022,0.04449932823657353
EtalonEtalon_R18_20260510110001_deg0_sp.fits,61170.497305089,0.0425038365190327,0.04328492301545029
EtalonEtalon_R18_20260511050001_deg0_sp.fits,61171.247299559,0.05825311993677486,0.05827207887488074
EtalonEtalon_R18_20260511080002_deg0_sp.fits,61171.372315831,0.05772403119166206,0.05760395130343282
EtalonEtalon_R18_20260511110001_deg0_sp.fits,61171.497297895,0.056624138281792025,0.057104245016395286
EtalonEtalon_R18_20260512050001_deg0_sp.fits,61172.247292561,0.06256745072158253,0.06241682862729601
EtalonEtalon_R18_20260512080001_deg0_sp.fits,61172.372291909,0.05938750582801781,0.05931547022562298
EtalonEtalon_R18_20260512110001_deg0_sp.fits,61172.497291202,0.05722083090335154,0.05716501434390416
EtalonEtalon_R19_20260503050002_deg0_sp.fits,61163.249534879,0.031629185509793295,0.03263815875939701
EtalonEtalon_R19_20260503080001_deg0_sp.fits,61163.374516659,0.028142045952269892,0.027634591869497144
EtalonEtalon_R19_20260503110001_deg0_sp.fits,61163.499515561,0.024438773816163457,0.02564049547382643
EtalonEtalon_R19_20260504050001_deg0_sp.fits,61164.249526708,0.014575617410989887,0.015843979932635963
EtalonEtalon_R19_20260504080002_deg0_sp.fits,61164.374525614,0.014942582144306972,0.015713127048952995
EtalonEtalon_R19_20260504110001_deg0_sp.fits,61164.499524481,0.014060964730307443,0.014942970061872085
EtalonEtalon_R19_20260505050001_deg0_sp.fits,61165.249518574,0.00977956328357188,0.011083159530791704
EtalonEtalon_R19_20260505080002_deg0_sp.fits,61165.374534607,0.007390656899413545,0.007564832476583827
EtalonEtalon_R19_20260505110001_deg0_sp.fits,61165.499516454,0.004823026150163185,0.006374307184195549
EtalonEtalon_R19_20260507050001_deg0_sp.fits,61167.249517954,0.033854280670348166,0.03448132178825681
EtalonEtalon_R19_20260507080001_deg0_sp.fits,61167.374516895,0.029476930305299465,0.031427712926521856
EtalonEtalon_R19_20260507110001_deg0_sp.fits,61167.499515799,0.029452354942926695,0.03068008464951056
EtalonEtalon_R19_20260508050001_deg0_sp.fits,61168.249527028,0.03920821975507787,0.04115230661348383
EtalonEtalon_R19_20260508080001_deg0_sp.fits,61168.374525944,0.03907970507500685,0.04151009154924537
EtalonEtalon_R19_20260508110001_deg0_sp.fits,61168.499507796,0.03741060685898113,0.041021491428290716
EtalonEtalon_R19_20260509050001_deg0_sp.fits,61169.249518223,0.04206174767410135,0.04370149220873322
EtalonEtalon_R19_20260509080001_deg0_sp.fits,61169.374517161,0.038854497645455996,0.03975734548982433
EtalonEtalon_R19_20260509110001_deg0_sp.fits,61169.499516068,0.037306483321384205,0.0381176101100185
EtalonEtalon_R19_20260510050001_deg0_sp.fits,61170.249527470,0.04621248350602334,0.04654266427166729
EtalonEtalon_R19_20260510080001_deg0_sp.fits,61170.374526744,0.043480423729750695,0.04386564438506887
EtalonEtalon_R19_20260510110001_deg0_sp.fits,61170.499525928,0.042032115567290126,0.043264973511733994
EtalonEtalon_R19_20260511050001_deg0_sp.fits,61171.249520401,0.058012578590743304,0.05850482571912655
EtalonEtalon_R19_20260511080002_deg0_sp.fits,61171.374536671,0.057787532572743924,0.05812740207716195
EtalonEtalon_R19_20260511110001_deg0_sp.fits,61171.499518732,0.05705390876025199,0.057356745586953764
EtalonEtalon_R19_20260512050001_deg0_sp.fits,61172.249513403,0.06217040755921414,0.0617109368820903
EtalonEtalon_R19_20260512080001_deg0_sp.fits,61172.374512752,0.05923319907908047,0.05846871760016067
EtalonEtalon_R19_20260512110001_deg0_sp.fits,61172.499512042,0.057758047724398645,0.056855049632725786
EtalonEtalon_R20_20260503050002_deg0_sp.fits,61163.251755718,0.031508484660840455,0.031851392312728294
EtalonEtalon_R20_20260503080001_deg0_sp.fits,61163.376737498,0.028487661967703717,0.029268550552938876
EtalonEtalon_R20_20260503110001_deg0_sp.fits,61163.501736400,0.025135784434895964,0.024710214279868734
EtalonEtalon_R20_20260504050001_deg0_sp.fits,61164.251747547,0.015045827633059164,0.015107837276327491
EtalonEtalon_R20_20260504080002_deg0_sp.fits,61164.376746454,0.014719908308278731,0.015637085921632835
EtalonEtalon_R20_20260504110001_deg0_sp.fits,61164.501745319,0.01375924433158102,0.01479855604577254
EtalonEtalon_R20_20260505050001_deg0_sp.fits,61165.251739413,0.009956993980531532,0.010637529583457709
EtalonEtalon_R20_20260505080002_deg0_sp.fits,61165.376755447,0.005972740400709538,0.007860973264151841
EtalonEtalon_R20_20260505110001_deg0_sp.fits,61165.501737292,0.004397497760348405,0.004897247927346998
EtalonEtalon_R20_20260507050001_deg0_sp.fits,61167.251738794,0.03290326860254559,0.035405638954317295
EtalonEtalon_R20_20260507080001_deg0_sp.fits,61167.376737735,0.029685803057088733,0.03161995389009632
EtalonEtalon_R20_20260507110001_deg0_sp.fits,61167.501736640,0.029064128614979496,0.03100803020697699
EtalonEtalon_R20_20260508050001_deg0_sp.fits,61168.251747867,0.037803134580266656,0.03999473971204819
EtalonEtalon_R20_20260508080001_deg0_sp.fits,61168.376746783,0.03913290176796255,0.04197413241200631
EtalonEtalon_R20_20260508110001_deg0_sp.fits,61168.501728638,0.0379749419909588,0.041213918957381676
EtalonEtalon_R20_20260509050001_deg0_sp.fits,61169.251739061,0.04158300229632143,0.043918686903459105
EtalonEtalon_R20_20260509080001_deg0_sp.fits,61169.376738000,0.03857956189675701,0.040175820059779724
EtalonEtalon_R20_20260509110001_deg0_sp.fits,61169.501736909,0.03588042734101955,0.03793128347043871
EtalonEtalon_R20_20260510050001_deg0_sp.fits,61170.251748312,0.04600101184677906,0.04668572029459126
EtalonEtalon_R20_20260510080001_deg0_sp.fits,61170.376747585,0.04306818385726554,0.04305450987412253
EtalonEtalon_R20_20260510110001_deg0_sp.fits,61170.501746766,0.04338634510019319,0.04422496116798148
EtalonEtalon_R20_20260511050001_deg0_sp.fits,61171.251741242,0.05706725167284558,0.058365086400276364
EtalonEtalon_R20_20260511080002_deg0_sp.fits,61171.376757512,0.057324426237121334,0.057267461625473456
EtalonEtalon_R20_20260511110001_deg0_sp.fits,61171.501739570,0.057223200499137,0.05767629700091277
EtalonEtalon_R20_20260512050001_deg0_sp.fits,61172.251734246,0.06189150302337928,0.06238723541298202
EtalonEtalon_R20_20260512080001_deg0_sp.fits,61172.376733595,0.05880564738661282,0.058207004170145404
EtalonEtalon_R20_20260512110001_deg0_sp.fits,61172.501732884,0.057928375614872026,0.05694478828231013
